Phương pháp,RMSE,MAE
Collaborative Filtering,2.9636714586475272,2.7677973636902626
Content-Based Filtering,0.9132551486612784,0.7060575399706881
Hybrid System,1.9109540579884075,1.7255354448635927
